Case_39,FAIL,FAILING_POINTS,0,LARGEST_ERROR,1,SUPPORTED,FALSE,EXCEPTION_MSG,NOT_SUPPORTED,Time,0
Case_40,FAIL,FAILING_POINTS,0,LARGEST_ERROR,1,SUPPORTED,FALSE,EXCEPTION_MSG,NOT_SUPPORTED,Time,0
Case_182,FAIL,FAILING_POINTS,0,LARGEST_ERROR,1,SUPPORTED,FALSE,EXCEPTION_MSG,NOT_SUPPORTED,Time,0
Case_184,FAIL,FAILING_POINTS,0,LARGEST_ERROR,1,SUPPORTED,FALSE,EXCEPTION_MSG,NOT_SUPPORTED,Time,0
Case_531,FAIL,FAILING_POINTS,0,LARGEST_ERROR,1,SUPPORTED,FALSE,EXCEPTION_MSG,NOT_SUPPORTED,Time,0
Case_533,FAIL,FAILING_POINTS,0,LARGEST_ERROR,1,SUPPORTED,FALSE,EXCEPTION_MSG,NOT_SUPPORTED,Time,0
Case_534,FAIL,FAILING_POINTS,0,LARGEST_ERROR,1,SUPPORTED,FALSE,EXCEPTION_MSG,NOT_SUPPORTED,Time,0
Case_535,FAIL,FAILING_POINTS,0,LARGEST_ERROR,1,SUPPORTED,FALSE,EXCEPTION_MSG,NOT_SUPPORTED,Time,0
Case_536,FAIL,FAILING_POINTS,0,LARGEST_ERROR,1,SUPPORTED,FALSE,EXCEPTION_MSG,NOT_SUPPORTED,Time,0
Case_537,FAIL,FAILING_POINTS,0,LARGEST_ERROR,1,SUPPORTED,FALSE,EXCEPTION_MSG,NOT_SUPPORTED,Time,0
Case_538,FAIL,FAILING_POINTS,0,LARGEST_ERROR,1,SUPPORTED,FALSE,EXCEPTION_MSG,NOT_SUPPORTED,Time,0
Case_543,FAIL,FAILING_POINTS,0,LARGEST_ERROR,1,SUPPORTED,FALSE,EXCEPTION_MSG,NOT_SUPPORTED,Time,0
Case_546,FAIL,FAILING_POINTS,0,LARGEST_ERROR,1,SUPPORTED,FALSE,EXCEPTION_MSG,NOT_SUPPORTED,Time,0
Case_548,FAIL,FAILING_POINTS,0,LARGEST_ERROR,1,SUPPORTED,FALSE,EXCEPTION_MSG,NOT_SUPPORTED,Time,0
Case_549,FAIL,FAILING_POINTS,0,LARGEST_ERROR,1,SUPPORTED,FALSE,EXCEPTION_MSG,NOT_SUPPORTED,Time,0
Case_550,FAIL,FAILING_POINTS,0,LARGEST_ERROR,1,SUPPORTED,FALSE,EXCEPTION_MSG,NOT_SUPPORTED,Time,0
Case_551,FAIL,FAILING_POINTS,0,LARGEST_ERROR,1,SUPPORTED,FALSE,EXCEPTION_MSG,NOT_SUPPORTED,Time,0
Case_552,FAIL,FAILING_POINTS,0,LARGEST_ERROR,1,SUPPORTED,FALSE,EXCEPTION_MSG,NOT_SUPPORTED,Time,0
Case_553,FAIL,FAILING_POINTS,0,LARGEST_ERROR,1,SUPPORTED,FALSE,EXCEPTION_MSG,NOT_SUPPORTED,Time,0
Case_554,FAIL,FAILING_POINTS,0,LARGEST_ERROR,1,SUPPORTED,FALSE,EXCEPTION_MSG,NOT_SUPPORTED,Time,0
Case_555,FAIL,FAILING_POINTS,0,LARGEST_ERROR,1,SUPPORTED,FALSE,EXCEPTION_MSG,NOT_SUPPORTED,Time,0
Case_556,FAIL,FAILING_POINTS,0,LARGEST_ERROR,1,SUPPORTED,FALSE,EXCEPTION_MSG,NOT_SUPPORTED,Time,0
Case_557,FAIL,FAILING_POINTS,0,LARGEST_ERROR,1,SUPPORTED,FALSE,EXCEPTION_MSG,NOT_SUPPORTED,Time,0
Case_558,FAIL,FAILING_POINTS,0,LARGEST_ERROR,1,SUPPORTED,FALSE,EXCEPTION_MSG,NOT_SUPPORTED,Time,1
Case_559,FAIL,FAILING_POINTS,0,LARGEST_ERROR,1,SUPPORTED,FALSE,EXCEPTION_MSG,NOT_SUPPORTED,Time,0
Case_560,FAIL,FAILING_POINTS,0,LARGEST_ERROR,1,SUPPORTED,FALSE,EXCEPTION_MSG,NOT_SUPPORTED,Time,0
Case_561,FAIL,FAILING_POINTS,0,LARGEST_ERROR,1,SUPPORTED,FALSE,EXCEPTION_MSG,NOT_SUPPORTED,Time,0
Case_562,FAIL,FAILING_POINTS,0,LARGEST_ERROR,1,SUPPORTED,FALSE,EXCEPTION_MSG,NOT_SUPPORTED,Time,1
Case_563,FAIL,FAILING_POINTS,0,LARGEST_ERROR,1,SUPPORTED,FALSE,EXCEPTION_MSG,NOT_SUPPORTED,Time,0
Case_564,FAIL,FAILING_POINTS,0,LARGEST_ERROR,1,SUPPORTED,FALSE,EXCEPTION_MSG,NOT_SUPPORTED,Time,0
Case_565,FAIL,FAILING_POINTS,0,LARGEST_ERROR,1,SUPPORTED,FALSE,EXCEPTION_MSG,NOT_SUPPORTED,Time,0
Case_566,FAIL,FAILING_POINTS,0,LARGEST_ERROR,1,SUPPORTED,FALSE,EXCEPTION_MSG,NOT_SUPPORTED,Time,0
Case_567,FAIL,FAILING_POINTS,0,LARGEST_ERROR,1,SUPPORTED,FALSE,EXCEPTION_MSG,NOT_SUPPORTED,Time,0
Case_569,FAIL,FAILING_POINTS,0,LARGEST_ERROR,1,SUPPORTED,FALSE,EXCEPTION_MSG,NOT_SUPPORTED,Time,1
Case_570,FAIL,FAILING_POINTS,0,LARGEST_ERROR,1,SUPPORTED,FALSE,EXCEPTION_MSG,NOT_SUPPORTED,Time,0
Case_571,FAIL,FAILING_POINTS,0,LARGEST_ERROR,1,SUPPORTED,FALSE,EXCEPTION_MSG,NOT_SUPPORTED,Time,0
Case_573,FAIL,FAILING_POINTS,0,LARGEST_ERROR,1,SUPPORTED,FALSE,EXCEPTION_MSG,NOT_SUPPORTED,Time,0
Case_575,FAIL,FAILING_POINTS,0,LARGEST_ERROR,1,SUPPORTED,FALSE,EXCEPTION_MSG,NOT_SUPPORTED,Time,0
Case_576,FAIL,FAILING_POINTS,0,LARGEST_ERROR,1,SUPPORTED,FALSE,EXCEPTION_MSG,NOT_SUPPORTED,Time,0
Case_613,FAIL,FAILING_POINTS,0,LARGEST_ERROR,1,SUPPORTED,FALSE,EXCEPTION_MSG,NOT_SUPPORTED,Time,0
Case_614,FAIL,FAILING_POINTS,0,LARGEST_ERROR,1,SUPPORTED,FALSE,EXCEPTION_MSG,NOT_SUPPORTED,Time,1
Case_615,FAIL,FAILING_POINTS,0,LARGEST_ERROR,1,SUPPORTED,FALSE,EXCEPTION_MSG,NOT_SUPPORTED,Time,0
Case_628,FAIL,FAILING_POINTS,0,LARGEST_ERROR,1,SUPPORTED,FALSE,EXCEPTION_MSG,NOT_SUPPORTED,Time,0
Case_629,FAIL,FAILING_POINTS,0,LARGEST_ERROR,1,SUPPORTED,FALSE,EXCEPTION_MSG,NOT_SUPPORTED,Time,0
Case_630,FAIL,FAILING_POINTS,0,LARGEST_ERROR,1,SUPPORTED,FALSE,EXCEPTION_MSG,NOT_SUPPORTED,Time,0
Case_658,FAIL,FAILING_POINTS,0,LARGEST_ERROR,1,SUPPORTED,FALSE,EXCEPTION_MSG,NOT_SUPPORTED,Time,0
Case_659,FAIL,FAILING_POINTS,0,LARGEST_ERROR,1,SUPPORTED,FALSE,EXCEPTION_MSG,NOT_SUPPORTED,Time,0
Case_660,FAIL,FAILING_POINTS,0,LARGEST_ERROR,1,SUPPORTED,FALSE,EXCEPTION_MSG,NOT_SUPPORTED,Time,0
Case_661,FAIL,FAILING_POINTS,0,LARGEST_ERROR,1,SUPPORTED,FALSE,EXCEPTION_MSG,NOT_SUPPORTED,Time,0
Case_662,FAIL,FAILING_POINTS,0,LARGEST_ERROR,1,SUPPORTED,FALSE,EXCEPTION_MSG,NOT_SUPPORTED,Time,0
Case_663,FAIL,FAILING_POINTS,0,LARGEST_ERROR,1,SUPPORTED,FALSE,EXCEPTION_MSG,NOT_SUPPORTED,Time,0
Case_664,FAIL,FAILING_POINTS,0,LARGEST_ERROR,1,SUPPORTED,FALSE,EXCEPTION_MSG,NOT_SUPPORTED,Time,0
Case_665,FAIL,FAILING_POINTS,0,LARGEST_ERROR,1,SUPPORTED,FALSE,EXCEPTION_MSG,NOT_SUPPORTED,Time,1
Case_666,FAIL,FAILING_POINTS,0,LARGEST_ERROR,1,SUPPORTED,FALSE,EXCEPTION_MSG,NOT_SUPPORTED,Time,0
Case_673,FAIL,FAILING_POINTS,0,LARGEST_ERROR,1,SUPPORTED,FALSE,EXCEPTION_MSG,NOT_SUPPORTED,Time,0
Case_674,FAIL,FAILING_POINTS,0,LARGEST_ERROR,1,SUPPORTED,FALSE,EXCEPTION_MSG,NOT_SUPPORTED,Time,1
Case_675,FAIL,FAILING_POINTS,0,LARGEST_ERROR,1,SUPPORTED,FALSE,EXCEPTION_MSG,NOT_SUPPORTED,Time,0
Case_687,FAIL,FAILING_POINTS,0,LARGEST_ERROR,1,SUPPORTED,FALSE,EXCEPTION_MSG,NOT_SUPPORTED,Time,0
Case_695,FAIL,FAILING_POINTS,0,LARGEST_ERROR,1,SUPPORTED,FALSE,EXCEPTION_MSG,NOT_SUPPORTED,Time,0
Case_696,FAIL,FAILING_POINTS,0,LARGEST_ERROR,1,SUPPORTED,FALSE,EXCEPTION_MSG,NOT_SUPPORTED,Time,0
Case_705,FAIL,FAILING_POINTS,0,LARGEST_ERROR,1,SUPPORTED,FALSE,EXCEPTION_MSG,NOT_SUPPORTED,Time,0
Case_760,FAIL,FAILING_POINTS,0,LARGEST_ERROR,1,SUPPORTED,FALSE,EXCEPTION_MSG,NOT_SUPPORTED,Time,0
Case_761,FAIL,FAILING_POINTS,0,LARGEST_ERROR,1,SUPPORTED,FALSE,EXCEPTION_MSG,NOT_SUPPORTED,Time,0
Case_762,FAIL,FAILING_POINTS,0,LARGEST_ERROR,1,SUPPORTED,FALSE,EXCEPTION_MSG,NOT_SUPPORTED,Time,0
Case_777,FAIL,FAILING_POINTS,0,LARGEST_ERROR,1,SUPPORTED,FALSE,EXCEPTION_MSG,NOT_SUPPORTED,Time,0
Case_778,FAIL,FAILING_POINTS,0,LARGEST_ERROR,1,SUPPORTED,FALSE,EXCEPTION_MSG,NOT_SUPPORTED,Time,0
Case_779,FAIL,FAILING_POINTS,0,LARGEST_ERROR,1,SUPPORTED,FALSE,EXCEPTION_MSG,NOT_SUPPORTED,Time,0
Case_780,FAIL,FAILING_POINTS,0,LARGEST_ERROR,1,SUPPORTED,FALSE,EXCEPTION_MSG,NOT_SUPPORTED,Time,0
Case_844,FAIL,FAILING_POINTS,0,LARGEST_ERROR,1,SUPPORTED,FALSE,EXCEPTION_MSG,NOT_SUPPORTED,Time,1
Case_870,FAIL,FAILING_POINTS,0,LARGEST_ERROR,1,SUPPORTED,FALSE,EXCEPTION_MSG,NOT_SUPPORTED,Time,0
Case_871,FAIL,FAILING_POINTS,0,LARGEST_ERROR,1,SUPPORTED,FALSE,EXCEPTION_MSG,NOT_SUPPORTED,Time,0
Case_872,FAIL,FAILING_POINTS,0,LARGEST_ERROR,1,SUPPORTED,FALSE,EXCEPTION_MSG,NOT_SUPPORTED,Time,0
Case_873,FAIL,FAILING_POINTS,0,LARGEST_ERROR,1,SUPPORTED,FALSE,EXCEPTION_MSG,NOT_SUPPORTED,Time,1
Case_874,FAIL,FAILING_POINTS,0,LARGEST_ERROR,1,SUPPORTED,FALSE,EXCEPTION_MSG,NOT_SUPPORTED,Time,0
Case_875,FAIL,FAILING_POINTS,0,LARGEST_ERROR,1,SUPPORTED,FALSE,EXCEPTION_MSG,NOT_SUPPORTED,Time,0
Case_876,FAIL,FAILING_POINTS,0,LARGEST_ERROR,1,SUPPORTED,FALSE,EXCEPTION_MSG,NOT_SUPPORTED,Time,0
Case_937,FAIL,FAILING_POINTS,0,LARGEST_ERROR,1,SUPPORTED,FALSE,EXCEPTION_MSG,NOT_SUPPORTED,Time,1
Case_938,FAIL,FAILING_POINTS,0,LARGEST_ERROR,1,SUPPORTED,FALSE,EXCEPTION_MSG,NOT_SUPPORTED,Time,1
Case_939,FAIL,FAILING_POINTS,0,LARGEST_ERROR,1,SUPPORTED,FALSE,EXCEPTION_MSG,NOT_SUPPORTED,Time,0
Case_940,FAIL,FAILING_POINTS,0,LARGEST_ERROR,1,SUPPORTED,FALSE,EXCEPTION_MSG,NOT_SUPPORTED,Time,0
Case_941,FAIL,FAILING_POINTS,0,LARGEST_ERROR,1,SUPPORTED,FALSE,EXCEPTION_MSG,NOT_SUPPORTED,Time,0
Case_942,FAIL,FAILING_POINTS,0,LARGEST_ERROR,1,SUPPORTED,FALSE,EXCEPTION_MSG,NOT_SUPPORTED,Time,0
Case_943,FAIL,FAILING_POINTS,0,LARGEST_ERROR,1,SUPPORTED,FALSE,EXCEPTION_MSG,NOT_SUPPORTED,Time,0
Case_951,FAIL,FAILING_POINTS,33,LARGEST_ERROR,1,SUPPORTED,TRUE,EXCEPTION_MSG,NONE,Time,149
Case_955,FAIL,FAILING_POINTS,1,LARGEST_ERROR,1,SUPPORTED,TRUE,EXCEPTION_MSG,NONE,Time,314
Case_957,FAIL,FAILING_POINTS,143,LARGEST_ERROR,1.#INF,SUPPORTED,TRUE,EXCEPTION_MSG,NONE,Time,509
Case_958,FAIL,FAILING_POINTS,220,LARGEST_ERROR,1.#INF,SUPPORTED,TRUE,EXCEPTION_MSG,NONE,Time,283
Case_959,FAIL,FAILING_POINTS,169,LARGEST_ERROR,1000,SUPPORTED,TRUE,EXCEPTION_MSG,NONE,Time,324
Case_961,FAIL,FAILING_POINTS,33,LARGEST_ERROR,6.02214e+023,SUPPORTED,TRUE,EXCEPTION_MSG,NONE,Time,208
Case_966,FAIL,FAILING_POINTS,0,LARGEST_ERROR,1,SUPPORTED,FALSE,EXCEPTION_MSG,NOT_SUPPORTED,Time,0
Case_978,FAIL,FAILING_POINTS,0,LARGEST_ERROR,1,SUPPORTED,FALSE,EXCEPTION_MSG,NOT_SUPPORTED,Time,0
